{"x": -3.725710662223287, "value": 32.783762587497435, "_runtime": 7, "_timestamp": 1637819462, "_step": 2, "_wandb": {"runtime": 8}}